TYPEID,TECH
178,1
179,1
180,1
181,1
182,1
183,1
184,1
185,1
186,1
187,1
188,1
189,1
190,1
191,1
192,1
193,1
194,1
195,1
196,1
197,1
198,1
199,1
200,1
201,1
202,1
203,1
204,1
205,1
206,1
207,1
208,1
209,1
210,1
211,1
212,1
213,1
215,1
216,1
217,1
218,1
219,1
220,1
221,1
222,1
223,1
224,1
225,1
226,1
227,1
228,1
229,1
230,1
231,1
232,1
233,1
234,1
235,1
236,1
237,1
238,1
239,1
240,1
241,1
242,1
243,1
244,1
245,1
246,1
247,1
248,1
249,1
250,1
251,1
252,1
253,1
254,1
255,1
256,1
257,1
258,1
259,1
260,1
261,1
262,1
265,1
266,1
267,1
269,1
377,1
380,2
393,1
394,2
399,1
400,2
405,1
406,2
421,1
434,1
438,2
439,1
440,2
442,1
443,1
444,1
447,1
448,2
450,1
451,1
452,1
453,1
454,1
455,1
456,1
457,1
458,1
459,1
460,1
461,1
462,1
463,1
464,1
482,2
483,1
484,1
485,1
486,1
487,1
488,1
489,1
490,1
491,1
492,1
493,1
494,1
495,1
496,1
497,1
498,1
499,1
501,1
503,1
506,1
508,1
509,1
518,1
519,2
520,1
521,1
522,1
523,1
524,1
526,1
527,2
529,1
530,1
533,1
561,1
562,1
563,1
564,1
565,1
566,1
567,1
568,1
569,1
570,1
571,1
572,1
573,1
574,1
575,1
577,1
578,1
580,1
581,1
582,1
583,1
584,1
585,1
586,1
587,1
588,1
589,1
590,1
591,1
592,1
593,1
594,1
595,1
596,1
597,1
598,1
599,1
600,1
601,1
602,1
603,1
605,1
606,1
607,1
608,1
609,1
613,1
614,1
615,1
616,1
617,1
618,1
619,1
620,1
621,1
622,1
623,1
624,1
625,1
626,1
627,1
628,1
629,1
630,1
631,1
632,1
633,1
634,1
635,1
638,1
639,1
640,1
641,1
642,1
643,1
644,1
645,1
648,1
649,1
650,1
651,1
652,1
653,1
654,1
655,1
656,1
657,1
670,1
671,1
672,1
784,2
1013,2
1027,2
1033,2
1071,2
1073,2
1080,2
1095,2
1103,2
1182,1
1183,2
1184,2
1185,1
1190,2
1191,2
1192,1
1193,1
1195,1
1197,1
1198,2
1201,1
1202,1
1205,2
1233,1
1236,2
1237,2
1240,1
1242,1
1244,1
1246,1
1248,2
1249,2
1254,1
1256,2
1257,2
1262,1
1264,1
1266,2
1267,2
1272,1
1274,1
1276,2
1277,2
1282,1
1284,1
1286,2
1287,2
1292,1
1294,1
1296,2
1297,2
1302,1
1304,1
1306,2
1307,2
1315,1
1317,1
1319,2
1320,2
1333,1
1335,2
1336,2
1351,1
1353,1
1355,2
1356,2
1401,1
1403,1
1405,2
1406,2
1419,1
1422,2
1423,2
1436,2
1437,2
1445,1
1447,2
1448,2
1537,1
1539,1
1541,2
1542,2
1547,1
1549,2
1550,2
1551,1
1553,2
1554,2
1557,1
1559,2
1560,2
1563,1
1565,2
1566,2
1798,1
1800,1
1802,1
1804,1
1808,1
1810,1
1814,1
1816,1
1818,1
1820,1
1822,1
1824,1
1826,1
1828,1
1830,1
1832,1
1855,2
1856,2
1875,1
1877,2
1878,2
1893,1
1896,1
1898,1
1900,1
1902,1
1904,1
1912,1
1914,1
1916,1
1918,1
1944,1
1946,1
1947,1
1948,1
1949,1
1951,1
1952,2
1955,1
1956,1
1957,1
1958,1
1959,1
1960,2
1963,1
1964,2
1968,1
1969,2
1973,1
1977,1
1978,2
1982,1
1983,1
1984,1
1985,1
1986,1
1987,2
1998,1
1999,2
2002,1
2003,1
2004,1
2005,1
2006,1
2018,1
2020,1
2022,1
2024,2
2025,2
2032,2
2033,2
2038,2
2039,2
2046,1
2048,2
2049,2
2050,1
2078,1
2082,1
2083,1
2103,1
2104,2
2108,1
2109,2
2117,2
2118,2
2161,1
2165,1
2173,1
2175,2
2176,2
2178,1
2180,1
2182,1
2183,1
2185,2
2186,2
2188,1
2193,1
2195,2
2196,2
2203,1
2205,2
2206,2
2210,1
2212,1
2258,2
2259,2
2260,2
2261,2
2262,2
2281,2
2282,2
2289,1
2291,1
2293,1
2295,1
2297,2
2298,2
2299,2
2300,2
2301,2
2302,2
2303,2
2304,2
2331,1
2333,2
2334,2
2341,2
2342,2
2355,2
2356,2
2363,1
2364,2
2404,2
2405,2
2410,2
2411,2
2420,2
2421,2
2436,2
2437,2
2444,1
2446,2
2447,2
2454,1
2456,2
2457,2
2464,1
2466,2
2467,2
2476,1
2478,2
2479,2
2486,1
2488,2
2489,2
2506,1
2508,1
2510,1
2512,1
2514,1
2516,1
2528,1
2529,1
2531,2
2532,2
2537,1
2539,2
2540,2
2545,1
2547,2
2548,2
2553,2
2554,2
2559,2
2563,2
2567,2
2571,2
2575,2
2579,1
2580,2
2583,1
2584,2
2587,1
2588,2
2589,1
2591,1
2592,2
2603,1
2605,2
2606,2
2613,2
2614,2
2621,2
2622,2
2629,2
2630,2
2637,2
2638,2
2647,2
2648,2
2655,2
2656,2
2679,2
2680,2
2801,2
2802,2
2811,2
2812,2
2817,2
2818,2
2834,2
2836,2
2863,1
2865,2
2866,2
2873,2
2874,2
2881,2
2889,2
2890,2
2897,2
2898,2
2905,2
2906,2
2913,2
2914,2
2921,2
2922,2
2929,2
2937,2
2938,2
2945,2
2946,2
2947,1
2948,1
2953,2
2954,2
2961,2
2962,2
2969,2
2970,2
2977,2
2978,2
2985,2
2986,2
2993,2
2994,2
2998,1
3001,2
3002,2
3009,2
3010,2
3017,2
3018,2
3025,2
3026,2
3033,2
3034,2
3041,2
3042,2
3049,2
3050,2
3057,2
3058,2
3065,2
3066,2
3074,2
3075,2
3077,1
3078,1
3079,1
3080,1
3081,1
3082,2
3083,2
3084,1
3085,1
3086,1
3087,1
3088,1
3089,1
3090,2
3091,2
3092,1
3093,1
3094,1
3095,1
3096,1
3097,1
3098,2
3099,2
3100,1
3101,1
3102,1
3103,1
3104,1
3105,1
3106,2
3107,2
3108,1
3109,1
3110,1
3111,1
3112,1
3113,1
3114,2
3115,2
3116,1
3117,1
3118,1
3119,1
3120,1
3121,1
3122,2
3123,2
3124,1
3125,1
3126,1
3127,1
3128,1
3129,1
3130,2
3131,2
3132,1
3133,1
3134,1
3135,1
3136,1
3137,1
3138,2
3139,2
3140,1
3141,1
3142,1
3143,1
3144,1
3145,1
3146,2
3147,2
3148,1
3149,1
3150,1
3151,1
3152,1
3153,1
3154,2
3155,2
3156,1
3157,1
3158,1
3159,1
3160,1
3161,1
3162,2
3163,2
3164,1
3165,1
3166,1
3167,1
3168,1
3169,1
3170,2
3171,2
3172,1
3173,1
3174,1
3175,1
3176,1
3177,1
3178,2
3179,2
3180,1
3181,1
3182,1
3183,1
3185,1
3186,2
3187,2
3188,1
3189,1
3190,1
3191,1
3192,1
3193,1
3194,1
3195,1
3196,1
3197,1
3198,1
3199,1
3200,1
3201,1
3202,1
3203,1
3204,1
3205,1
3206,1
3207,1
3208,1
3209,1
3210,1
3211,1
3212,1
3213,1
3214,1
3215,1
3216,1
3217,1
3218,1
3220,1
3221,1
3222,1
3223,1
3224,1
3225,1
3226,1
3227,1
3228,1
3229,1
3230,1
3231,1
3232,1
3233,1
3234,1
3235,1
3236,1
3237,1
3238,1
3239,1
3240,1
3241,1
3242,1
3244,2
3245,2
3246,1
3247,1
3248,1
3249,1
3250,1
3251,1
3252,1
3253,1
3254,1
3255,1
3256,1
3257,1
3258,1
3262,1
3263,1
3264,1
3265,1
3266,1
3267,1
3268,1
3269,1
3270,1
3271,1
3272,1
3273,1
3274,1
3275,1
3276,1
3277,1
3278,1
3279,1
3280,1
3281,1
3282,1
3283,1
3284,1
3285,2
3286,2
3287,1
3288,1
3289,1
3290,1
3291,1
3292,1
3299,1
3414,1
3415,1
3469,1
3470,1
3471,1
3472,2
3473,2
3474,1
3475,1
3476,1
3477,1
3478,1
3479,1
3480,2
3481,1
3482,1
3488,2
3489,2
3496,2
3497,2
3504,2
3505,2
3512,2
3513,2
3514,1
3516,2
3518,2
3520,2
3521,2
3528,1
3530,2
3531,2
3532,1
3534,1
3536,1
3538,1
3540,2
3541,2
3542,1
3544,1
3546,1
3550,1
3556,1
3558,2
3559,1
3561,1
3563,1
3565,1
3566,1
3568,2
3569,2
3571,1
3573,1
3575,1
3576,1
3578,2
3579,2
3581,1
3586,1
3588,2
3589,2
3596,1
3598,2
3599,2
3606,1
3608,2
3609,2
3616,1
3618,2
3619,2
3628,1
3634,1
3636,1
3638,1
3640,1
3651,1
3653,1
3655,2
3656,2
3663,1
3665,2
3666,2
3751,1
3753,1
3756,1
3764,1
3766,1
3768,1
3793,1
3829,1
3831,2
3832,2
3839,1
3841,2
3842,2
3849,1
3851,2
3887,1
3888,2
3897,1
3899,2
3901,1
3903,2
3907,1
3909,2
3913,1
3915,2
3937,1
3939,2
3940,2
3941,1
3943,2
3944,2
3947,1
3949,2
3950,2
3953,1
3955,2
3956,2
3977,1
3979,2
3980,2
3981,1
3983,2
3984,2
3986,2
3987,1
3989,2
3990,2
3991,2
3993,1
3995,2
3996,2
4005,1
4013,1
4014,2
4025,1
4027,1
4029,1
4031,1
4044,1
4045,1
4049,1
4147,2
4148,2
4248,2
4249,2
4250,2
4251,2
4252,2
4253,2
4254,2
4255,2
4256,2
4257,2
4258,2
4259,2
4260,2
4261,2
4262,2
4263,2
4264,2
4265,2
4266,2
4267,2
4268,2
4269,2
4270,2
4271,2
4272,2
4273,2
4274,2
4275,2
4276,2
4277,2
4278,2
4279,2
4280,2
4281,2
4282,2
4283,2
4284,2
4285,2
4286,2
4287,2
4288,2
4289,2
4290,2
4291,2
4292,2
4293,2
4294,2
4295,2
4296,2
4298,2
4299,2
4300,2
4302,1
4306,1
4308,1
4310,1
4345,1
4346,1
4347,1
4348,1
4349,1
4360,1
4363,1
4369,1
4371,2
4372,2
4373,1
4374,1
4375,1
4376,1
4377,1
4380,1
4383,1
4386,1
4388,1
4391,1
4393,1
4395,1
4397,1
4399,2
4400,2
4401,2
4402,2
4403,1
4405,2
4406,2
4407,1
4409,1
4421,1
4423,1
4425,1
4427,1
4431,1
4433,1
4435,1
4437,1
4471,1
4473,1
4475,1
4477,1
4529,1
4531,1
4533,1
4535,1
4569,1
4571,1
4573,1
4575,1
4579,1
4609,1
4611,1
4613,1
4615,1
4621,1
4745,1
4747,1
4749,1
4751,1
4785,1
4787,1
4789,1
4791,1
4829,1
4831,1
4833,1
4835,1
4869,1
4871,1
4873,1
4875,1
4909,1
4911,1
4913,1
4915,1
4955,1
4957,1
4959,1
4961,1
5007,1
5009,1
5011,1
5013,1
5017,2
5047,1
5049,1
5051,1
5053,1
5087,1
5089,1
5091,1
5093,1
5135,1
5137,1
5139,1
5141,1
5175,1
5177,1
5179,1
5181,1
5215,1
5217,1
5219,1
5221,1
5231,1
5233,1
5235,1
5237,1
5239,1
5241,1
5243,1
5245,1
5279,1
5280,1
5281,1
5282,1
5299,1
5300,1
5301,1
5302,1
5319,1
5320,1
5321,1
5322,1
5339,1
5340,1
5341,1
5342,1
5359,1
5361,1
5363,1
5365,1
5399,1
5401,1
5403,1
5405,1
5439,1
5441,1
5443,1
5445,1
5479,1
5481,1
5483,1
5485,1
5487,1
5489,1
5491,1
5493,1
5519,1
5521,1
5523,1
5525,1
5527,1
5529,1
5531,1
5533,1
5559,1
5561,1
5591,1
5593,1
5595,1
5597,1
5599,1
5601,1
5611,1
5613,1
5615,1
5617,1
5627,1
5629,1
5631,1
5633,1
5643,1
5645,1
5647,1
5649,1
5675,1
5677,1
5679,1
5681,1
5683,1
5693,1
5697,1
5719,1
5721,1
5723,1
5743,1
5745,1
5747,1
5755,1
5757,1
5759,1
5829,1
5831,1
5833,1
5835,1
5837,1
5839,1
5841,1
5843,1
5845,1
5846,1
5849,1
5854,1
5855,1
5856,1
5857,1
5858,1
5865,1
5867,1
5869,1
5871,1
5913,1
5915,1
5917,1
5919,1
5929,1
5931,1
5933,1
5935,1
5945,1
5955,1
5971,1
5973,1
5975,1
6001,1
6003,1
6005,1
6041,1
6043,1
6045,1
6047,1
6073,1
6083,1
6097,1
6111,1
6129,1
6131,1
6133,1
6135,1
6157,1
6158,1
6159,1
6160,1
6173,1
6174,1
6175,1
6176,1
6193,1
6194,1
6195,1
6199,1
6202,1
6203,1
6207,1
6212,1
6216,1
6217,1
6218,1
6222,1
6225,1
6226,1
6230,1
6234,1
6238,1
6239,1
6241,1
6242,1
6243,1
6244,1
6251,1
6252,1
6257,1
6258,1
6259,1
6260,1
6267,1
6268,1
6275,1
6276,1
6283,1
6284,1
6285,1
6286,1
6289,1
6290,1
6291,1
6292,1
6293,1
6294,1
6295,1
6296,1
6309,1
6310,1
6311,1
6312,1
6321,1
6322,1
6323,1
6324,1
6325,1
6326,1
6327,1
6328,1
6437,1
6439,1
6441,1
6443,1
6485,1
6487,1
6489,1
6491,1
6525,1
6527,1
6529,1
6531,1
6567,1
6569,1
6571,1
6573,1
6631,1
6633,1
6635,1
6637,1
6671,1
6673,1
6675,1
6677,1
6715,1
6717,1
6719,1
6721,1
6757,1
6759,1
6761,1
6763,1
6805,1
6807,1
6809,1
6811,1
6859,1
6861,1
6863,1
6865,1
6919,1
6921,1
6923,1
6925,1
6959,1
6961,1
6963,1
6965,1
6999,1
7001,1
7003,1
7005,1
7043,1
7045,1
7047,1
7049,1
7083,1
7085,1
7087,1
7089,1
7123,1
7125,1
7127,1
7131,1
7167,1
7169,1
7171,1
7173,1
7217,1
7218,1
7219,1
7220,1
7247,1
7249,1
7251,1
7253,1
7287,1
7289,1
7291,1
7293,1
7327,1
7329,1
7331,1
7333,1
7367,1
7369,1
7371,1
7373,1
7407,1
7409,1
7411,1
7413,1
7447,1
7449,1
7451,1
7453,1
7487,1
7489,1
7491,1
7493,1
7535,1
7537,1
7539,1
7541,1
7579,1
7581,1
7583,1
7585,1
7619,1
7621,1
7623,1
7625,1
7663,1
7665,1
7667,1
7669,1
7703,1
7705,1
7707,1
7709,1
7743,1
7745,1
7747,1
7749,1
7783,1
7785,1
7787,1
7789,1
7827,1
7829,1
7831,1
7833,1
7867,1
7869,1
7870,1
7887,1
7889,1
7892,1
7893,1
7895,1
7896,1
7914,1
7917,1
7918,1
7922,1
7926,1
7937,1
7948,1
7964,1
7965,1
7966,1
7970,1
7993,1
7997,1
8001,1
8007,1
8023,1
8025,1
8027,1
8089,1
8091,1
8093,1
8101,1
8103,1
8105,1
8113,1
8115,1
8117,1
8131,1
8133,1
8135,1
8137,1
8163,1
8165,1
8167,1
8169,1
8171,1
8173,1
8175,1
8177,1
8203,1
8205,1
8207,1
8209,1
8211,1
8213,1
8215,1
8217,1
8219,1
8221,1
8223,1
8225,1
8251,1
8253,1
8255,1
8257,1
8259,1
8261,1
8263,1
8265,1
8291,1
8293,1
8295,1
8297,1
8323,1
8325,1
8327,1
8329,1
8331,1
8333,1
8335,1
8337,1
8339,1
8341,1
8343,1
8345,1
8387,1
8397,1
8401,1
8409,1
8419,1
8427,1
8433,1
8437,1
8465,1
8477,1
8481,1
8489,1
8505,1
8517,1
8521,1
8529,1
8531,1
8533,1
8535,1
8537,1
8579,1
8581,1
8583,1
8585,1
8627,1
8629,1
8631,1
8633,1
8635,1
8637,1
8639,1
8641,1
8683,1
8685,1
8687,1
8689,1
8743,1
8744,1
8745,1
8746,1
8747,1
8748,1
8749,1
8750,1
8759,1
8785,1
8787,1
8789,1
8815,1
8817,1
8819,1
8821,1
8863,1
8865,1
8867,1
8869,1
8903,1
8905,1
8907,1
8909,1
9071,1
9073,1
9091,1
9093,1
9127,1
9129,1
9131,1
9133,1
9135,1
9137,1
9139,1
9141,1
9207,1
9209,1
9211,1
9213,1
9247,1
9249,1
9251,1
9253,1
9287,1
9289,1
9291,1
9293,1
9327,1
9329,1
9331,1
9333,1
9367,1
9369,1
9371,1
9373,1
9377,1
9411,1
9413,1
9415,1
9417,1
9419,2
9421,2
9451,1
9453,1
9455,1
9457,1
9491,1
9493,1
9495,1
9497,1
9518,1
9519,1
9520,1
9521,1
9522,1
9556,1
9562,1
9566,1
9568,1
9570,1
9574,1
9580,1
9582,1
9608,1
9622,1
9632,1
9646,1
9660,1
9668,1
9670,1
9678,1
9680,1
9702,1
9706,1
9728,1
9734,1
9744,1
9750,1
9762,1
9772,1
9784,1
9790,1
9800,1
9808,1
9854,1
9858,1
9860,1
9862,1
9899,1
9941,1
9942,1
9943,1
9944,1
9956,1
9957,1
10039,1
10188,1
10190,2
10191,2
10204,1
10208,1
10209,1
10210,1
10211,1
10212,1
10213,1
10214,1
10215,1
10216,1
10217,1
10218,1
10219,1
10221,1
10222,1
10223,1
10224,1
10225,1
10226,1
10227,1
10228,1
10244,1
10246,1
10248,1
10250,2
10251,2
10252,1
10629,1
10631,2
10632,2
10642,1
10678,1
10680,2
10681,2
10688,1
10690,1
10692,1
10694,1
10836,1
10838,1
10840,1
10842,2
10843,2
10850,2
10851,2
10858,2
10859,2
10866,1
10868,1
10870,1
10872,1
10874,1
10876,1
10878,1
10880,1
10882,1
10884,1
10886,1
10888,1
10998,1
11011,1
11014,1
11017,1
11019,1
11052,1
11101,1
11103,1
11105,1
11107,1
11109,1
11111,1
11113,1
11115,1
11129,1
11132,1
11134,1
11172,2
11173,2
11174,2
11175,2
11176,2
11177,2
11178,2
11179,2
11182,2
11183,2
11184,2
11185,2
11186,2
11187,2
11188,2
11189,2
11190,2
11191,2
11192,2
11193,2
11194,2
11195,2
11196,2
11197,2
11198,2
11199,2
11200,2
11201,2
11202,2
11203,2
11215,1
11217,1
11219,2
11220,2
11225,1
11227,1
11229,2
11230,2
11235,1
11237,1
11239,2
11240,2
11245,1
11247,1
11249,2
11250,2
11255,1
11257,1
11259,2
11260,2
11265,1
11267,1
11269,2
11270,2
11277,1
11279,1
11291,1
11293,1
11295,1
11297,1
11299,1
11301,1
11303,1
11305,1
11307,1
11309,1
11311,1
11313,1
11315,1
11317,1
11319,1
11321,1
11323,1
11325,1
11327,1
11329,1
11331,1
11333,1
11335,1
11337,1
11339,1
11341,1
11343,1
11345,1
11347,1
11349,1
11351,1
11353,1
11355,1
11357,1
11359,1
11365,2
11366,2
11370,1
11371,2
11372,2
11373,2
11375,2
11377,2
11378,2
11379,2
11380,2
11381,2
11382,2
11383,2
11387,2
11388,2
11389,2
11393,2
11394,2
11400,2
11401,2
11561,1
11563,1
11567,1
11577,2
11578,2
11640,2
11641,2
11642,2
11643,2
11644,2
11645,2
11646,2
11647,2
11648,2
11649,2
11744,1
11747,2
11750,2
11754,2
11758,2
11762,2
11766,2
11771,2
11775,2
11779,2
11783,2
11787,2
11791,2
11795,2
11799,2
11804,2
11808,2
11812,2
11821,2
11825,2
11829,2
11833,2
11837,2
11840,2
11844,2
11848,2
11851,2
11936,1
11938,1
11940,1
11942,1
11957,2
11958,2
11959,2
11960,2
11961,2
11962,2
11963,2
11964,2
11965,2
11966,2
11969,2
11970,2
11971,2
11972,2
11978,2
11979,2
11985,2
11986,2
11987,2
11988,2
11989,2
11990,2
11993,2
11994,2
11995,2
11996,2
11999,2
12000,2
12003,2
12004,2
12005,2
12006,2
12011,2
12012,2
12013,2
12014,2
12015,2
12016,2
12017,2
12018,2
12019,2
12020,2
12021,2
12022,2
12023,2
12024,2
12031,2
12032,2
12034,2
12035,2
12036,2
12038,2
12041,2
12042,2
12043,2
12044,2
12045,2
12052,1
12054,1
12056,1
12058,2
12059,2
12066,1
12068,2
12069,2
12076,2
12077,2
12084,2
12085,2
12102,2
12103,2
12104,2
12105,2
12108,1
12198,1
12199,1
12200,1
12217,1
12219,1
12221,2
12222,2
12223,2
12224,2
12225,1
12257,1
12259,2
12260,2
12261,1
12263,2
12264,2
12265,1
12267,2
12268,2
12269,1
12271,2
12272,2
12274,1
12344,1
12346,2
12347,2
12354,1
12356,2
12357,2
12552,2
12553,2
12557,2
12558,2
12559,2
12560,2
12561,2
12562,2
12563,2
12564,2
12565,2
12566,2
12604,1
12608,2
12609,2
12610,2
12611,2
12612,2
12613,2
12614,2
12615,2
12616,2
12617,2
12618,2
12619,2
12620,2
12621,2
12625,2
12626,2
12627,2
12628,2
12629,2
12630,2
12631,2
12632,2
12633,2
12634,2
12709,1
12711,1
12713,1
12715,1
12717,1
12729,2
12730,2
12731,2
12732,2
12733,2
12734,2
12735,2
12736,2
12743,2
12744,2
12745,2
12746,2
12747,2
12748,2
12753,2
12754,2
12761,2
12762,2
12763,2
12764,2
12765,2
12766,2
12767,2
12768,2
12769,2
12770,2
12771,2
12772,2
12773,2
12774,2
12775,2
12776,2
12777,2
12778,2
12779,2
12780,2
12781,2
12782,2
12783,2
12784,2
12785,2
12786,2
12787,2
12788,2
12789,2
12790,2
12791,2
12792,2
12793,2
12794,2
12795,2
12796,2
12797,2
12798,2
12799,2
12800,2
12801,2
12802,2
12803,2
12804,2
12805,2
12806,2
12807,2
12808,2
12810,2
12811,2
12812,2
12813,2
12814,2
12815,2
12816,2
12817,2
12818,2
12819,2
12820,2
12821,2
12822,2
12823,2
12824,2
12825,2
12826,2
12827,2
12828,2
12829,2
12830,2
12831,2
12832,2
12833,2
13001,2
13002,2
13003,2
13004,2
13119,2
13166,1
13202,1
13209,2
13216,1
13217,1
13218,1
13219,1
13220,1
13221,1
13222,1
13223,1
13224,1
13225,1
13226,1
13227,1
13228,1
13229,1
13230,1
13231,1
13232,1
13233,1
13234,1
13235,1
13236,1
13237,1
13238,1
13239,1
13240,1
13241,1
13242,1
13243,1
13244,1
13245,1
13246,1
13247,1
13248,1
13249,1
13250,1
13251,1
13252,1
13253,1
13254,1
13255,1
13256,1
13257,1
13258,1
13259,1
13260,1
13261,1
13262,1
13263,1
13265,1
13283,1
13284,1
13285,1
13286,1
13287,1
13320,1
13773,1
13774,1
13775,1
13776,1
13777,1
13778,1
13779,1
13781,1
13782,1
13783,1
13784,1
13785,1
13786,1
13787,1
13788,1
13791,1
13793,1
13795,1
13797,1
13799,1
13801,1
13803,1
13805,1
13807,1
13809,1
13811,1
13813,1
13815,1
13817,1
13819,1
13820,1
13821,1
13822,1
13823,1
13824,1
13825,1
13826,1
13827,1
13828,1
13829,1
13830,1
13831,1
13832,1
13833,1
13834,1
13856,2
13864,1
13865,1
13866,1
13867,1
13868,1
13870,1
13872,1
13873,1
13874,1
13876,1
13878,1
13879,1
13880,1
13881,1
13882,1
13883,1
13884,1
13885,1
13886,1
13887,1
13888,1
13889,1
13890,1
13891,1
13892,1
13893,1
13894,1
13919,1
13920,1
13921,1
13922,1
13923,1
13924,1
13925,1
13926,1
13927,1
13929,1
13931,1
13933,1
13935,1
13937,1
13939,1
13941,1
13943,1
13945,1
13947,1
13948,1
13949,1
13950,1
13951,1
13952,1
13953,1
13954,1
13955,1
13956,1
13957,1
13958,1
13959,1
13960,1
13962,1
13963,1
13964,1
13965,1
13966,1
13967,1
13968,1
13969,1
13970,1
13972,1
13974,1
13976,1
13978,1
13980,1
13982,1
13984,1
13986,1
13988,1
13990,1
13992,1
13994,1
13995,1
13996,1
13997,1
13998,1
13999,1
14001,1
14003,1
14005,1
14007,1
14009,1
14011,1
14013,1
14015,1
14017,1
14019,1
14021,1
14023,1
14025,1
14027,1
14029,1
14031,1
14033,1
14035,1
14037,1
14039,1
14041,1
14043,1
14045,1
14047,1
14049,1
14051,1
14053,1
14055,1
14057,1
14059,1
14061,1
14063,1
14065,1
14067,1
14068,1
14069,1
14070,1
14072,1
14074,1
14076,1
14078,1
14080,1
14082,1
14084,1
14086,1
14088,1
14090,1
14092,1
14094,1
14096,1
14098,1
14100,1
14102,1
14104,1
14106,1
14108,1
14110,1
14112,1
14114,1
14116,1
14118,1
14120,1
14122,1
14124,1
14126,1
14127,1
14128,1
14130,1
14132,1
14134,1
14136,1
14138,1
14140,1
14142,1
14144,1
14146,1
14148,1
14150,1
14152,1
14154,1
14156,1
14158,1
14160,1
14162,1
14164,1
14166,1
14168,1
14170,1
14172,1
14174,1
14176,1
14178,1
14180,1
14182,1
14184,1
14186,1
14188,1
14190,1
14192,1
14194,1
14196,1
14198,1
14200,1
14202,1
14204,1
14206,1
14208,1
14210,1
14212,1
14214,1
14218,1
14220,1
14222,1
14224,1
14226,1
14228,1
14230,1
14232,1
14234,1
14236,1
14238,1
14240,1
14242,1
14244,1
14246,1
14248,1
14250,1
14252,1
14254,1
14256,1
14258,1
14260,1
14262,1
14264,1
14266,1
14268,1
14270,1
14272,1
14274,1
14276,1
14278,1
14280,1
14282,1
14284,1
14286,1
14295,1
14296,1
14297,1
14298,1
14299,1
14375,1
14377,1
14379,1
14381,1
14383,1
14385,1
14387,1
14389,1
14391,1
14393,1
14395,1
14397,1
14399,1
14401,1
14403,1
14405,1
14407,1
14409,1
14411,1
14413,1
14415,1
14417,1
14419,1
14421,1
14423,1
14425,1
14427,1
14429,1
14431,1
14433,1
14435,1
14437,1
14439,1
14441,1
14443,1
14445,1
14447,1
14449,1
14451,1
14453,1
14455,1
14457,1
14459,1
14461,1
14463,1
14465,1
14467,1
14469,1
14471,1
14473,1
14475,1
14484,1
14486,1
14488,1
14490,1
14492,1
14494,1
14496,1
14498,1
14500,1
14502,1
14504,1
14506,1
14508,1
14510,1
14512,1
14514,1
14516,1
14518,1
14520,1
14522,1
14524,1
14525,1
14526,1
14527,1
14528,1
14530,1
14532,1
14534,1
14536,1
14538,1
14540,1
14542,1
14544,1
14546,1
14548,1
14550,1
14552,1
14554,1
14556,1
14560,1
14564,1
14568,1
14572,1
14576,1
14580,1
14584,1
14588,1
14592,1
14597,1
14599,1
14601,1
14603,1
14606,1
14610,1
14614,1
14618,1
14622,1
14626,1
14630,1
14634,1
14636,1
14638,1
14640,1
14642,1
14644,1
14646,1
14648,1
14650,1
14652,1
14654,1
14656,1
14658,1
14660,1
14662,1
14664,1
14666,1
14668,1
14670,1
14672,1
14674,1
14676,1
14678,1
14680,1
14681,1
14682,1
14683,1
14684,1
14686,1
14688,1
14690,1
14692,1
14694,1
14696,1
14698,1
14700,1
14701,1
14702,1
14703,1
14704,1
14705,1
14706,1
14707,1
14708,1
14710,1
14712,1
14714,1
14716,1
14718,1
14720,1
14722,1
14724,1
14726,1
14728,1
14730,1
14732,1
14734,1
14736,1
14738,1
14740,1
14742,1
14744,1
14746,1
14748,1
14749,1
14750,1
14751,1
14752,1
14753,1
14754,1
14755,1
14756,1
14757,1
14758,1
14759,1
14760,1
14761,1
14762,1
14763,1
14764,1
14765,1
14766,1
14767,1
14768,1
14770,1
14772,1
14774,1
14776,1
14778,1
14780,1
14782,1
14784,1
14786,1
14788,1
14790,1
14792,1
14794,1
14796,1
14798,1
14800,1
14802,1
14804,1
14806,1
14808,1
14810,1
14812,1
14814,1
14816,1
14818,1
14820,1
14822,1
14824,1
14826,1
14828,1
14830,1
14832,1
14834,1
14836,1
14838,1
14840,1
14842,1
14844,1
14846,1
14848,1
14849,1
14850,1
14851,1
14852,1
14853,1
14854,1
14855,1
14856,1
14858,1
14860,1
14862,1
14864,1
14866,1
14868,1
14870,1
14872,1
14874,1
14876,1
14878,1
14880,1
14882,1
14884,1
14886,1
14888,1
14890,1
14892,1
14894,1
14896,1
14898,1
14900,1
14902,1
14904,1
14906,1
14908,1
14910,1
14912,1
14914,1
14916,1
14918,1
14920,1
14922,1
14924,1
14926,1
14928,1
14930,1
14932,1
14934,1
14936,1
14938,1
14940,1
14942,1
14944,1
14946,1
14948,1
14950,1
14952,1
14954,1
14956,1
14958,1
14960,1
14962,1
14964,1
14966,1
14968,1
14970,1
14972,1
14974,1
14976,1
14978,1
14980,1
14982,1
14984,1
14986,1
14988,1
14990,1
14992,1
14994,1
14996,1
14998,1
15000,1
15002,1
15004,1
15006,1
15008,1
15010,1
15012,1
15014,1
15016,1
15018,1
15020,1
15022,1
15024,1
15026,1
15028,1
15030,1
15032,1
15034,1
15036,1
15038,1
15040,1
15042,1
15044,1
15046,1
15048,1
15050,1
15052,1
15054,1
15056,1
15058,1
15060,1
15062,1
15064,1
15066,1
15068,1
15070,1
15072,1
15074,1
15076,1
15078,1
15080,1
15082,1
15084,1
15086,1
15088,1
15090,1
15092,1
15094,1
15096,1
15098,1
15100,1
15102,1
15104,1
15106,1
15108,1
15110,1
15112,1
15114,1
15116,1
15118,1
15120,1
15122,1
15124,1
15126,1
15128,1
15130,1
15132,1
15134,1
15136,1
15138,1
15140,1
15142,1
15144,1
15146,1
15148,1
15150,1
15152,1
15154,1
15156,1
15158,1
15160,1
15161,1
15162,1
15163,1
15164,1
15166,1
15168,1
15170,1
15172,1
15174,1
15176,1
15178,1
15180,1
15182,1
15184,1
15186,1
15188,1
15190,1
15192,1
15194,1
15196,1
15198,1
15200,1
15202,1
15204,1
15206,1
15208,1
15210,1
15212,1
15214,1
15216,1
15218,1
15220,1
15222,1
15224,1
15226,1
15228,1
15230,1
15232,1
15234,1
15236,1
15238,1
15240,1
15242,1
15244,1
15246,1
15248,1
15250,1
15252,1
15254,1
15256,1
15258,1
15260,1
15262,1
15264,1
15266,1
15268,1
15270,1
15272,1
15274,1
15276,1
15278,1
15280,1
15282,1
15284,1
15286,1
15288,1
15290,1
15292,1
15294,1
15296,1
15298,1
15300,1
15302,1
15304,1
15306,1
15308,1
15310,1
15312,1
15314,1
15397,1
15399,1
15401,1
15403,1
15405,1
15407,1
15408,1
15416,1
15418,1
15419,1
15421,1
15423,1
15425,1
15427,1
15429,1
15431,1
15433,1
15435,1
15437,1
15439,1
15443,1
15445,1
15447,1
15449,1
15451,1
15453,1
15455,1
15508,1
15510,1
15675,1
15677,1
15681,1
15683,1
15685,1
15687,1
15689,1
15691,1
15693,1
15695,1
15697,1
15699,1
15701,1
15703,1
15705,1
15707,1
15709,1
15711,1
15713,1
15715,1
15717,1
15719,1
15721,1
15723,1
15725,1
15727,1
15729,1
15731,1
15733,1
15735,1
15737,1
15739,1
15741,1
15742,1
15743,1
15744,1
15745,1
15746,1
15747,1
15749,1
15751,1
15753,1
15755,1
15757,1
15759,1
15761,1
15764,1
15766,1
15768,1
15770,1
15772,1
15774,1
15776,1
15778,1
15780,1
15782,1
15784,1
15786,1
15788,1
15790,1
15792,1
15794,1
15796,1
15798,1
15800,1
15802,1
15804,1
15806,1
15808,1
15810,1
15812,1
15813,1
15814,1
15815,1
15816,1
15817,1
15818,1
15820,1
15821,1
15823,1
15824,1
15825,1
15826,1
15827,1
15828,1
15829,1
15830,1
15831,1
15832,1
15833,1
15834,1
15835,1
15836,1
15837,1
15838,1
15840,1
15841,1
15843,1
15844,1
15845,1
15846,1
15847,1
15848,1
15849,1
15850,1
15851,1
15852,1
15853,1
15854,1
15855,1
15856,1
15857,1
15858,1
15859,1
15860,1
15861,1
15862,1
15863,1
15864,1
15865,1
15866,1
15867,1
15868,1
15869,1
15870,1
15871,1
15872,1
15873,1
15874,1
15875,1
15877,1
15879,1
15881,1
15883,1
15885,1
15887,1
15889,1
15891,1
15893,1
15895,1
15897,1
15898,1
15899,1
15900,1
15901,1
15902,1
15903,1
15904,1
15905,1
15907,1
15909,1
15911,1
15913,1
15915,1
15917,1
15919,1
15921,1
15923,1
15925,1
15927,1
15929,1
15931,1
15933,1
15935,1
15937,1
15939,1
15941,1
15943,1
15945,1
15947,1
15949,1
15951,1
15953,1
15955,1
15957,1
15959,1
15961,1
15963,1
15965,1
15967,1
16003,1
16004,1
16005,1
16006,1
16008,1
16009,1
16025,1
16029,2
16032,2
16046,1
16047,1
16048,1
16049,1
16050,1
16051,1
16052,1
16053,1
16054,1
16055,1
16056,1
16057,1
16058,1
16059,1
16060,1
16061,1
16062,1
16064,1
16065,1
16067,1
16068,1
16126,1
16128,1
16129,1
16131,1
16132,1
16133,1
16134,1
16136,1
16137,1
16138,1
16140,1
16142,1
16144,1
16146,1
16148,1
16149,1
16150,1
16151,1
16153,1
16155,1
16157,1
16206,1
16227,1
16229,1
16231,1
16233,1
16236,1
16238,1
16240,1
16242,1
16245,1
16246,1
16247,1
16248,1
16249,1
16278,1
16282,1
16297,1
16299,1
16301,1
16303,1
16305,1
16307,1
16309,1
16311,1
16313,1
16315,1
16317,1
16319,1
16321,1
16323,1
16325,1
16327,1
16329,1
16331,1
16333,1
16335,1
16337,1
16339,1
16341,1
16343,1
16345,1
16347,1
16349,1
16351,1
16353,1
16355,1
16357,1
16359,1
16361,1
16363,1
16365,1
16367,1
16369,1
16371,1
16373,1
16375,1
16377,1
16379,1
16381,1
16383,1
16385,1
16387,1
16389,1
16391,1
16393,1
16395,1
16397,1
16399,1
16401,1
16403,1
16405,1
16407,1
16409,1
16411,1
16413,1
16415,1
16417,1
16419,1
16421,1
16423,1
16425,1
16427,1
16429,1
16431,1
16433,1
16435,1
16437,1
16439,1
16441,1
16443,1
16445,1
16447,1
16449,1
16451,1
16453,1
16455,1
16457,1
16459,1
16461,1
16463,1
16465,1
16467,1
16469,1
16471,1
16473,1
16475,1
16477,1
16479,1
16481,1
16483,1
16485,1
16487,1
16489,1
16491,1
16493,1
16495,1
16497,1
16499,1
16501,1
16503,1
16505,1
16507,1
16509,1
16511,1
16513,1
16515,1
16517,1
16519,1
16521,1
16523,1
16525,1
16527,1
16529,1
16531,1
16533,1
16535,1
16537,1
16539,1
16541,1
16543,1
16599,1
16601,1
16603,1
16605,1
17360,1
17476,1
17478,1
17480,1
17482,1
17484,1
17485,1
17487,1
17488,1
17490,1
17491,1
17492,1
17493,1
17494,1
17495,1
17496,1
17497,1
17498,1
17499,1
17500,1
17502,1
17504,1
17506,1
17508,1
17510,1
17512,1
17514,1
17516,1
17518,1
17520,1
17522,1
17524,1
17526,1
17528,1
17536,1
17538,1
17540,1
17542,1
17544,1
17546,1
17547,1
17548,1
17549,1
17551,1
17553,1
17555,1
17557,1
17559,1
17617,1
17619,1
17634,1
17636,1
17648,1
17650,1
17652,1
17654,1
17656,1
17658,1
17660,1
17662,1
17664,1
17666,1
17668,1
17670,1
17672,1
17674,1
17676,1
17678,1
17680,1
17682,1
17684,1
17686,1
17688,1
17690,1
17692,1
17694,1
17696,1
17703,1
17705,1
17707,1
17709,1
17713,1
17715,1
17718,1
17720,1
17722,1
17726,1
17728,1
17732,1
17736,1
17738,1
17740,1
17812,1
17832,1
17834,1
17836,1
17838,1
17841,1
17843,1
17857,1
17859,1
17861,1
17863,1
17871,1
17873,1
17884,1
17901,1
17902,2
17908,1
17912,2
17913,2
17918,1
17920,1
17922,1
17924,1
17926,1
17928,1
17930,1
17932,1
17938,1
18036,1
18038,1
18040,1
18042,1
18044,1
18046,1
18048,1
18050,1
18052,1
18054,1
18056,1
18058,1
18060,1
18062,1
18064,1
18066,1
18068,2
18069,2
18588,1
18590,2
18591,2
18592,2
18593,2
18594,2
18595,2
18596,2
18597,2
18598,2
18599,2
18600,2
18601,2
18602,2
18603,2
18604,2
18605,2
18606,2
18607,2
18608,2
18609,2
18610,2
18611,2
18612,2
18613,2
18614,2
18615,2
18616,2
18617,2
18618,2
18619,2
18624,2
18625,2
18626,1
18635,1
18637,1
18639,1
18642,1
18658,1
18660,1
18662,1
18664,1
18666,1
18668,1
18670,1
18672,1
18674,1
18676,1
18680,1
18682,1
18684,1
18686,1
18688,1
18690,1
18692,1
18694,1
18696,1
18698,1
18700,1
18702,1
18704,1
18706,1
18708,1
18710,1
18712,1
18714,1
18716,1
18718,1
18720,1
18722,1
18724,1
18726,1
18728,1
18730,1
18740,1
18742,1
18744,1
18746,1
18748,1
18750,1
18752,1
18754,1
18756,1
18758,1
18760,1
18762,1
18764,1
18766,1
18768,1
18770,1
18772,1
18775,1
18777,1
18779,1
18781,1
18783,1
18785,1
18787,1
18789,1
18791,1
18793,1
18795,1
18797,1
18799,1
18801,1
18803,1
18805,1
18807,1
18809,1
18811,1
18813,1
18815,1
18817,1
18819,1
18821,1
18823,1
18825,1
18827,1
18829,1
18831,1
18833,1
18835,1
18837,1
18839,1
18841,1
18843,1
18845,1
18847,1
18849,1
18851,1
18853,1
18855,1
18857,1
18859,1
18861,1
18863,1
18865,1
18867,1
18869,1
18871,1
18873,1
18875,1
18877,1
18879,1
18881,1
18883,1
18885,1
18887,1
18889,1
18891,1
18893,1
18895,1
18897,1
18899,1
18901,1
18903,1
18905,1
18907,1
18909,1
18911,1
18913,1
18915,1
18917,1
18919,1
18921,1
18923,1
18925,1
18927,1
18929,1
18931,1
18933,1
18935,1
18937,1
18939,1
18941,1
18943,1
18945,1
18947,1
18949,1
18951,1
18953,1
18955,1
18957,1
18959,1
18961,1
18963,1
18965,1
18967,1
18969,1
18971,1
18973,1
18975,1
18977,1
18979,1
18981,1
18983,1
18985,1
18987,1
18989,1
18991,1
18999,1
19001,1
19003,1
19005,1
19007,1
19009,1
19011,1
19013,1
19015,1
19017,1
19019,1
19021,1
19023,1
19025,1
19027,1
19029,1
19031,1
19033,1
19035,1
19036,1
19037,1
19038,1
19039,1
19040,1
19041,1
19042,1
19043,1
19044,1
19045,1
19046,1
19047,1
19049,1
19051,1
19053,1
19055,1
19057,1
19065,1
19067,1
19069,1
19071,1
19073,1
19075,1
19077,1
19079,1
19081,1
19083,1
19085,1
19087,1
19101,1
19103,1
19105,1
19107,1
19109,1
19111,1
19113,1
19115,1
19117,1
19119,1
19129,1
19131,1
19133,1
19135,1
19137,1
19139,1
19141,1
19143,1
19145,1
19147,1
19149,1
19151,1
19169,1
19171,1
19173,1
19175,1
19177,1
19179,1
19181,1
19183,1
19185,1
19187,1
19189,1
19191,1
19193,1
19194,1
19195,1
19196,1
19197,1
19198,1
19199,1
19200,1
19201,1
19202,1
19203,1
19204,1
19205,1
19206,1
19207,1
19208,1
19209,1
19211,1
19213,1
19215,1
19217,1
19219,1
19221,1
19223,1
19225,1
19227,1
19229,1
19231,1
19233,1
19235,1
19237,1
19239,1
19241,1
19243,1
19245,1
19247,1
19249,1
19251,1
19253,1
19255,1
19257,1
19258,1
19259,1
19260,1
19261,1
19262,1
19263,1
19264,1
19265,1
19266,1
19267,1
19268,1
19269,1
19270,1
19271,1
19272,1
19273,1
19274,1
19275,1
19276,1
19277,1
19278,1
19279,1
19280,1
19281,1
19282,1
19283,1
19284,1
19285,1
19286,1
19287,1
19288,1
19289,1
19293,1
19295,1
19297,1
19299,1
19301,1
19303,1
19311,1
19313,1
19315,1
19317,1
19319,1
19321,1
19323,1
19325,1
19327,1
19329,1
19335,1
19337,1
19339,1
19341,1
19343,1
19345,1
19347,1
19349,1
19351,1
19353,1
19359,1
19361,1
19363,1
19459,1
19466,1
19468,1
19489,1
19491,1
19500,1
19534,2
19535,2
19536,2
19537,2
19538,2
19539,2
19540,2
19547,1
19548,1
19549,1
19550,1
19551,2
19553,2
19554,2
19555,2
19556,2
19583,1
19594,5
19658,1
19660,1
19684,1
19685,1
19686,1
19687,1
19688,1
19689,1
19690,1
19691,1
19692,1
19693,1
19694,1
19695,1
19696,1
19697,1
19698,1
19699,1
19700,1
19720,1
19722,1
19724,1
19726,1
19739,2
19740,2
19744,1
19806,2
19807,2
19808,1
19810,1
19812,1
19814,1
19923,1
19925,1
19927,1
19929,1
19931,1
19933,1
19935,1
19937,1
19939,1
19942,1
19944,1
19946,1
19948,1
19950,1
19952,1
19962,1
19964,1
19966,1
19968,1
19970,1
19972,1
19974,1
19976,1
19978,1
19980,1
19982,1
19984,1
19986,1
19988,1
19990,1
19992,1
19994,1
19996,1
19998,1
20000,1
20002,1
20004,1
20006,1
20008,1
20010,1
20012,1
20014,1
20016,1
20018,1
20020,1
20022,1
20024,1
20026,1
20028,1
20030,1
20032,1
20034,1
20036,1
20038,1
20040,1
20043,1
20045,1
20047,1
20049,1
20051,1
20053,1
20055,1
20057,1
20069,1
20070,1
20121,2
20124,1
20125,2
20126,2
20128,1
20130,1
20132,1
20134,1
20138,1
20157,2
20158,2
20159,2
20160,2
20161,2
20183,1
20185,1
20187,1
20189,1
20197,1
20199,1
20201,1
20203,1
20205,1
20207,1
20214,1
20216,1
20218,1
20220,1
20222,1
20224,1
20226,1
20228,1
20230,1
20232,1
20234,1
20236,1
20238,1
20240,1
20242,1
20244,1
20246,1
20248,1
20250,1
20252,1
20254,1
20260,1
20262,1
20264,1
20280,1
20306,1
20307,1
20308,1
20343,2
20344,2
20345,2
20346,2
20347,2
20348,2
20349,2
20350,2
20351,2
20352,2
20353,2
20354,2
20358,1
20367,1
20371,1
20405,1
20406,1
20408,1
20409,1
20443,1
20444,1
20446,1
20448,1
20450,1
20452,1
20454,1
20498,2
20499,2
20500,2
20501,2
20502,2
20503,2
20504,2
20505,2
20506,2
20507,2
20508,2
20509,2
20514,1
20539,1
20555,1
20557,1
20559,1
20561,1
20563,2
20564,2
20565,2
20566,2
20567,1
20569,1
20573,1
20575,1
20577,1
20579,1
20581,1
20587,1
20589,1
20591,1
20593,1
20595,1
20597,1
20599,1
20601,1
20603,1
20605,1
20607,1
20609,1
20611,1
20613,1
20617,1
20619,1
20621,1
20623,1
20625,1
20627,1
20629,1
20631,1
20633,1
20635,1
20637,1
20639,1
20641,1
20700,1
20701,1
20703,1
20721,1
20723,1
20725,1
20727,1
20729,1
20731,1
20733,1
20735,1
20737,1
20739,1
20741,1
20743,1
20745,1
20747,1
20749,1
20751,1
20753,1
20755,1
20757,1
20759,1
20761,1
20763,1
20765,1
20767,1
20769,1
20771,1
20773,1
20775,1
20777,1
20779,1
20781,1
20783,1
20785,1
20787,1
20789,1
20791,1
20793,1
20795,1
20797,1
20799,1
20801,1
20803,1
20805,1
20807,1
20809,1
20811,1
20813,1
20815,1
20817,1
20819,1
20821,1
20823,1
20825,1
20827,1
20829,1
20831,1
20833,1
20835,1
20837,1
20839,1
20841,1
20843,1
20845,1
20847,1
20849,1
20851,1
20853,1
20855,1
20857,1
20859,1
20861,1
20863,1
20865,1
20867,1
20869,1
20871,1
20873,1
20875,1
20877,1
20879,1
20881,1
20883,1
20885,1
20887,1
20889,1
20891,1
20893,1
20895,1
20897,1
20899,1
20901,1
20903,1
20905,1
20907,1
20909,1
20911,1
20913,1
20915,1
20917,1
20919,1
20921,1
20923,1
20925,1
20927,1
20929,1
20931,1
20933,1
20935,1
20937,1
20939,1
20941,1
20943,1
20945,1
20947,1
20949,1
20951,1
20953,1
20955,1
20957,1
20959,1
20961,1
20963,1
20965,1
20967,1
20969,1
20971,1
20973,1
20975,1
20977,1
20979,1
20981,1
20983,1
20985,1
20987,1
20989,1
20991,1
20993,1
20995,1
20997,1
20999,1
21001,1
21003,1
21005,1
21007,1
21047,1
21094,1
21096,1
21097,1
21194,1
21196,1
21198,1
21200,1
21202,1
21204,1
21206,1
21208,1
21210,1
21212,1
21214,1
21216,1
21218,1
21220,1
21222,1
21224,1
21226,1
21228,1
21230,1
21232,1
21234,1
21236,1
21238,1
21240,1
21242,1
21244,1
21246,1
21248,1
21250,1
21252,1
21254,1
21256,1
21258,1
21260,1
21262,1
21264,1
21266,1
21268,1
21270,1
21272,1
21274,1
21276,1
21278,1
21280,1
21282,1
21284,1
21286,1
21288,1
21290,1
21292,1
21294,1
21296,1
21298,1
21300,1
21302,1
21304,1
21306,1
21308,1
21310,1
21312,1
21314,1
21316,1
21318,1
21320,1
21322,1
21324,1
21326,1
21328,1
21330,1
21332,1
21334,1
21336,1
21338,1
21340,1
21342,1
21344,1
21346,1
21348,1
21350,1
21352,1
21354,1
21356,1
21358,1
21360,1
21362,1
21364,1
21366,1
21368,1
21370,1
21372,1
21374,1
21376,1
21378,1
21380,1
21382,1
21384,1
21386,1
21388,1
21390,1
21392,1
21394,1
21396,1
21398,1
21400,1
21402,1
21404,1
21406,1
21408,1
21410,1
21412,1
21414,1
21416,1
21418,1
21420,1
21422,1
21424,1
21426,1
21428,1
21430,1
21432,1
21434,1
21436,1
21438,1
21440,1
21442,1
21444,1
21446,1
21450,1
21470,1
21472,1
21474,1
21476,1
21478,1
21480,1
21482,1
21484,1
21486,1
21488,1
21491,1
21493,1
21496,1
21498,1
21500,1
21504,1
21506,1
21508,1
21510,1
21512,1
21521,1
21523,1
21525,1
21527,1
21529,1
21532,1
21534,1
21536,1
21538,1
21540,1
21542,1
21545,1
21547,1
21549,1
21551,1
21553,1
21555,1
21557,1
21559,1
21561,1
21606,1
21628,1
21638,2
21639,2
21640,2
21641,2
21740,1
21816,1
21817,1
21818,1
21819,1
21841,1
21853,1
21855,1
21857,1
21867,1
21888,2
21889,2
21890,2
21894,1
21896,1
21898,1
21900,1
21902,1
21904,1
21906,1
21908,1
21910,1
21912,1
21914,1
21916,1
21918,1
21920,1
21922,1
21924,1
21926,1
21928,1
21931,1
21933,1
21935,1
21937,1
21939,1
21941,1
22107,2
22108,2
22109,2
22110,2
22111,2
22112,2
22113,2
22114,2
22115,2
22116,2
22117,2
22118,2
22119,2
22120,2
22121,2
22122,2
22123,2
22124,2
22125,2
22126,2
22127,2
22128,2
22129,2
22130,2
22131,2
22133,2
22134,2
22135,2
22136,2
22137,2
22175,1
22177,1
22227,1
22228,1
22229,2
22230,2
22291,2
22292,2
22325,1
22327,1
22329,1
22331,1
22333,1
22335,1
22337,1
22339,1
22428,2
22429,2
22430,2
22431,2
22436,2
22437,2
22440,2
22441,2
22442,2
22443,2
22444,2
22445,2
22446,2
22447,2
22448,2
22449,2
22452,2
22453,2
22456,2
22457,2
22460,2
22461,2
22464,2
22465,2
22466,2
22467,2
22468,2
22469,2
22470,2
22471,2
22474,2
22475,2
22476,1
22534,1
22535,1
22537,1
22542,1
22544,2
22545,2
22546,2
22547,2
22548,2
22549,2
22553,1
22555,1
22557,1
22559,2
22564,1
22565,1
22566,1
22567,1
22568,1
22569,1
22570,1
22571,1
22572,1
22574,1
22576,1
22609,1
22611,1
22613,1
22615,1
22617,1
22619,1
22621,1
22623,1
22713,1
22715,1
22760,1
22765,1
22778,1
22780,1
22782,1
22797,5
22852,1
22875,1
22877,1
22879,1
22881,1
22883,1
22885,1
22887,1
22889,1
22891,1
22893,1
22895,1
22897,1
22899,1
22901,1
22903,1
22905,1
22907,1
22909,1
22911,1
22913,1
22915,1
22917,1
22919,1
22921,1
22923,1
22925,1
22927,1
22929,1
22931,1
22933,1
22935,1
22937,1
22939,1
22941,1
22943,1
22945,1
22947,1
22949,1
22951,1
22953,1
22961,1
22963,1
22965,1
22967,1
22969,1
22971,1
22973,1
22975,1
22977,1
22979,1
22981,1
22983,1
22985,1
22987,1
22989,1
22991,1
22993,1
22995,1
22997,1
22999,1
23001,1
23003,1
23005,1
23007,1
23009,1
23011,1
23013,1
23015,1
23017,1
23019,1
23021,1
23023,1
23025,1
23027,1
23029,1
23031,1
23033,1
23035,1
23037,1
23039,1
23041,1
23043,1
23045,1
23047,1
23049,1
23051,1
23053,1
23055,1
23057,1
23059,1
23061,1
23071,1
23073,1
23075,1
23077,1
23079,1
23081,1
23083,1
23085,1
23089,1
23091,1
23093,1
23095,1
23097,1
23099,1
23101,1
23103,1
23105,1
23107,1
23109,1
23111,1
23113,1
23115,1
23117,1
23119,1
23414,1
23416,1
23418,1
23473,1
23506,1
23510,1
23512,1
23523,1
23525,1
23527,1
23533,1
23536,1
23559,1
23561,1
23563,1
23659,1
23674,1
23702,1
23705,1
23707,1
23709,1
23711,1
23713,1
23715,1
23717,1
23719,1
23721,1
23723,1
23725,1
23727,1
23729,1
23731,1
23735,1
23757,1
23759,1
23773,1
23783,1
23785,1
23787,1
23789,1
23791,1
23793,1
23795,1
23797,1
23799,1
23801,1
23803,1
23805,1
23807,1
23809,1
23811,1
23813,1
23815,1
23817,1
23819,1
23821,1
23824,1
23829,1
23834,1
23836,1
23838,1
23840,1
23842,1
23844,1
23846,1
23848,1
23850,1
23852,1
23854,1
23856,1
23864,1
23866,1
23868,1
23894,1
23896,1
23898,1
23900,1
23902,1
23911,1
23913,1
23915,1
23917,1
23919,1
23953,1
24283,1
24305,2
24306,2
24343,2
24344,2
24345,2
24346,2
24347,2
24348,1
24395,1
24417,2
24418,2
24427,2
24428,2
24438,2
24439,2
24443,2
24444,2
24471,2
24472,2
24473,2
24474,2
24475,2
24476,2
24477,2
24478,2
24479,2
24483,1
24485,2
24486,2
24487,2
24488,2
24489,2
24490,2
24491,2
24492,2
24493,2
24494,2
24495,2
24496,2
24497,2
24498,2
24499,2
24500,2
24501,2
24502,2
24503,2
24504,2
24505,2
24506,2
24507,2
24508,2
24509,2
24510,2
24511,2
24512,2
24513,2
24514,2
24515,2
24516,2
24517,2
24518,2
24519,2
24520,2
24521,2
24522,2
24523,2
24524,2
24525,2
24526,2
24527,2
24528,2
24529,2
24530,2
24531,2
24532,2
24533,2
24534,2
24535,2
24536,2
24537,2
24538,2
24539,2
24540,2
24541,2
24542,2
24543,2
24544,2
24550,1
24552,1
24554,1
24569,1
24604,2
24605,2
24608,1
24614,2
24615,2
24616,2
24617,2
24620,1
24622,1
24632,1
24636,1
24637,1
24638,1
24639,1
24640,1
24641,1
24642,1
24644,1
24663,1
24669,2
24688,1
24690,1
24692,1
24694,1
24696,1
24698,1
24700,1
24702,1
25266,1
25540,1
25542,1
25545,1
25546,1
25547,1
25548,1
25560,1
25561,1
25563,2
25564,2
25565,1
25567,1
25569,1
25571,1
25707,1
25709,1
25711,1
25713,1
25715,2
25716,2
25736,1
25771,2
25772,2
25797,1
25812,2
25813,2
25861,1
25867,1
25868,1
25888,1
25890,1
25892,1
25894,1
25896,1
25898,1
25900,1
25902,1
25906,1
25908,1
25910,1
25912,1
25914,1
25916,1
25918,1
25920,1
25922,1
25924,1
25928,1
25930,1
25932,1
25934,1
25936,1
25948,1
25950,1
25952,1
25954,1
25956,1
25968,1
25970,1
25972,1
25974,1
25976,1
25978,1
25980,1
25996,1
25998,1
26000,1
26002,1
26004,1
26006,1
26008,1
26016,1
26018,1
26020,1
26022,1
26024,1
26026,1
26028,1
26030,1
26036,1
26038,1
26040,1
26042,1
26044,1
26046,1
26048,1
26056,1
26058,1
26060,1
26062,1
26064,1
26066,1
26068,1
26070,1
26072,1
26076,1
26078,1
26080,1
26082,1
26084,1
26086,1
26088,1
26090,1
26096,1
26100,1
26102,1
26104,1
26106,1
26108,1
26110,1
26112,1
26173,1
26286,2
26287,2
26288,2
26289,2
26290,2
26291,2
26292,2
26293,2
26294,2
26295,2
26296,2
26297,2
26298,2
26299,2
26300,2
26301,2
26302,2
26303,2
26304,2
26305,2
26306,2
26307,2
26308,2
26309,2
26310,2
26311,2
26312,2
26313,2
26314,2
26315,2
26318,2
26319,2
26320,2
26321,2
26322,2
26323,2
26324,2
26325,2
26326,2
26327,2
26328,2
26329,2
26330,2
26331,2
26332,2
26333,2
26334,2
26335,2
26336,2
26337,2
26338,2
26339,2
26340,2
26341,2
26342,2
26343,2
26344,2
26345,2
26346,2
26347,2
26348,2
26349,2
26350,2
26351,2
26352,2
26353,2
26354,2
26355,2
26356,2
26357,2
26358,2
26359,2
26360,2
26361,2
26362,2
26363,2
26364,2
26365,2
26366,2
26367,2
26368,2
26369,2
26370,2
26371,2
26372,2
26373,2
26374,2
26375,2
26376,2
26377,2
26378,2
26379,2
26380,2
26381,2
26382,2
26383,2
26384,2
26385,2
26386,2
26387,2
26388,2
26389,2
26390,2
26391,2
26392,2
26393,2
26394,2
26395,2
26396,2
26397,2
26398,2
26399,2
26400,2
26401,2
26402,2
26403,2
26404,2
26405,2
26406,2
26407,2
26408,2
26409,2
26410,2
26411,2
26412,2
26413,2
26414,2
26415,2
26416,2
26417,2
26418,2
26419,2
26420,2
26421,2
26422,2
26423,2
26424,2
26425,2
26426,2
26427,2
26428,2
26429,2
26430,2
26431,2
26432,2
26433,2
26434,2
26435,2
26436,2
26437,2
26438,2
26439,2
26440,2
26441,2
26442,2
26443,2
26444,2
26445,2
26446,2
26447,2
26448,2
26449,2
26450,2
26451,2
26452,2
26453,2
26840,1
26842,1
26849,1
26869,1
26888,2
26889,2
26890,2
26891,2
26892,2
26893,2
26912,2
26913,2
26914,2
26915,2
26916,2
26917,2
26925,1
26927,1
26928,2
26929,1
26931,2
26932,2
26960,1
26962,1
26963,2
26964,1
26966,1
26967,2
26983,1
27014,1
27019,1
27021,1
27023,2
27024,2
27064,1
27066,2
27067,2
27068,1
27070,1
27071,1
27072,1
27073,1
27074,1
27075,1
27076,1
27077,1
27078,1
27079,1
27080,1
27081,1
27082,1
27083,1
27084,1
27085,1
27086,1
27087,1
27088,1
27089,1
27090,1
27091,1
27092,1
27093,1
27094,1
27095,1
27096,1
27097,1
27098,1
27099,1
27100,1
27101,1
27102,1
27103,1
27104,1
27105,1
27106,1
27107,1
27108,1
27109,1
27110,1
27111,1
27112,1
27113,1
27114,1
27115,1
27116,1
27117,1
27118,1
27119,1
27120,1
27121,1
27122,1
27123,1
27124,1
27125,1
27126,1
27127,1
27128,1
27129,1
27130,1
27131,1
27142,1
27143,1
27147,1
27148,1
27149,1
27150,1
27151,1
27152,1
27153,1
27154,1
27155,1
27156,1
27157,1
27158,1
27159,1
27160,1
27161,1
27162,1
27163,1
27164,1
27165,1
27166,1
27167,1
27169,1
27170,1
27171,1
27174,1
27175,1
27176,1
27177,1
27178,1
27179,1
27180,1
27181,1
27182,1
27184,1
27185,1
27186,1
27187,1
27188,1
27190,1
27191,1
27192,1
27193,1
27194,1
27195,1
27196,1
27197,1
27198,1
27204,1
27205,1
27206,1
27223,1
27224,1
27225,1
27226,1
27227,1
27229,1
27230,1
27231,1
27232,1
27233,1
27234,1
27235,1
27236,1
27237,1
27238,1
27239,1
27240,1
27243,1
27244,1
27245,1
27246,1
27247,1
27249,1
27250,1
27251,1
27252,1
27253,1
27254,1
27255,1
27256,1
27257,1
27258,1
27259,1
27260,1
27264,1
27265,1
27267,1
27268,1
27269,1
27270,1
27271,1
27272,1
27273,1
27299,1
27301,1
27303,1
27305,1
27313,1
27315,1
27317,1
27319,1
27321,1
27323,1
27325,1
27327,1
27329,1
27331,1
27333,1
27335,1
27337,1
27339,1
27341,1
27343,1
27345,1
27347,1
27349,1
27351,1
27353,1
27355,1
27357,1
27359,1
27361,1
27363,1
27365,1
27367,1
27369,1
27371,1
27373,1
27375,1
27377,1
27379,1
27381,1
27383,1
27385,1
27387,1
27389,1
27391,1
27393,1
27395,1
27397,1
27399,1
27401,1
27403,1
27405,1
27407,1
27409,1
27411,1
27413,1
27415,1
27417,1
27419,1
27421,1
27423,1
27425,1
27427,1
27429,1
27431,1
27433,1
27435,1
27437,1
27439,1
27441,1
27443,1
27445,1
27447,1
27449,1
27451,1
27453,1
27455,1
27457,1
27459,1
27461,1
27463,1
27465,1
27467,1
27469,1
27471,1
27473,1
27475,1
27477,1
27479,1
27481,1
27483,1
27485,1
27487,1
27489,1
27491,1
27493,1
27495,1
27497,1
27499,1
27501,1
27503,1
27505,1
27507,1
27509,1
27511,1
27513,1
27515,1
27517,1
27519,1
27521,1
27523,1
27525,1
27527,1
27678,1
27883,1
27884,1
27885,1
27886,1
27887,1
27888,1
27889,1
27890,1
27891,1
27892,1
27893,1
27894,1
27904,1
27912,1
27914,1
27916,1
27918,1
27920,1
27922,1
27924,1
27930,1
27932,1
27934,1
27951,1
28197,2
28198,2
28199,2
28200,2
28201,2
28202,2
28203,2
28204,2
28205,2
28206,2
28207,2
28208,2
28209,2
28210,2
28211,2
28212,2
28213,2
28214,2
28215,2
28216,2
28262,1
28264,1
28265,2
28266,1
28268,1
28269,2
28270,1
28272,1
28273,2
28274,1
28276,1
28277,2
28278,1
28280,1
28281,2
28282,1
28284,1
28285,2
28286,1
28288,1
28289,2
28290,1
28292,1
28293,2
28294,1
28296,1
28297,2
28298,1
28300,1
28301,2
28302,1
28304,1
28305,2
28306,1
28308,1
28309,2
28324,1
28326,1
28328,1
28330,1
28332,1
28334,1
28336,1
28338,1
28352,1
28369,2
28375,1
28377,1
28379,1
28381,1
28383,1
28511,1
28513,1
28514,1
28516,1
28518,1
28520,1
28522,1
28524,1
28526,1
28528,1
28530,1
28532,1
28534,1
28536,1
28538,1
28540,1
28542,1
28544,1
28545,1
28547,1
28549,1
28550,1
28552,1
28554,1
28556,1
28557,1
28559,1
28561,1
28563,1
28565,1
28576,2
28577,2
28578,2
28579,2
28583,1
28606,1
28612,1
28646,1
28650,1
28652,1
28654,1
28659,2
28660,2
28661,2
28662,2
28665,2
28666,2
28710,2
28711,2
28729,1
28731,1
28733,1
28735,1
28737,1
28739,1
28740,1
28742,1
28744,1
28746,1
28748,1
28750,1
28752,1
28754,1
28756,1
28758,1
28766,1
28768,1
28770,1
28772,1
28774,1
28776,1
28778,1
28780,1
28782,1
28784,1
28786,1
28788,1
28790,2
28791,2
28792,2
28793,2
28794,2
28795,2
28796,2
28797,2
28798,2
28799,2
28800,2
28801,2
28802,2
28803,2
28804,2
28805,2
28806,2
28807,2
28808,2
28809,2
28810,2
28811,2
28812,2
28813,2
28814,2
28815,2
28816,2
28817,2
28818,2
28819,2
28844,2
28845,2
28846,2
28847,2
28848,2
28849,2
28850,2
28851,2
28888,1
28890,2
28891,2
28892,1
28894,2
28895,2
28999,1
29001,1
29003,1
29005,1
29007,1
29009,1
29011,1
29013,1
29015,1
29248,1
29266,1
29328,1
29330,1
29332,1
29334,1
29336,1
29337,1
29340,1
29344,1
29616,1
29618,1
29620,1
29622,1
29964,3
29965,3
29966,3
29967,3
29969,3
29970,3
29971,3
29972,3
29974,3
29975,3
29976,3
29977,3
29979,3
29980,3
29981,3
29982,3
29984,3
29985,3
29986,3
29987,3
29988,3
29989,3
29990,3
29991,3
30013,1
30028,1
30036,3
30037,3
30038,3
30039,3
30040,3
30041,3
30042,3
30043,3
30046,3
30047,3
30048,3
30049,3
30050,3
30051,3
30052,3
30053,3
30056,3
30057,3
30058,3
30059,3
30060,3
30061,3
30062,3
30063,3
30066,3
30067,3
30068,3
30069,3
30070,3
30071,3
30072,3
30073,3
30076,3
30077,3
30078,3
30079,3
30080,3
30081,3
30082,3
30083,3
30086,3
30087,3
30088,3
30089,3
30090,3
30091,3
30092,3
30093,3
30096,3
30097,3
30098,3
30099,3
30100,3
30101,3
30102,3
30103,3
30106,3
30107,3
30108,3
30109,3
30110,3
30111,3
30112,3
30113,3
30117,3
30118,3
30119,3
30120,3
30122,3
30123,3
30124,3
30125,3
30127,3
30128,3
30129,3
30130,3
30132,3
30133,3
30134,3
30135,3
30139,3
30140,3
30141,3
30142,3
30143,3
30144,3
30145,3
30146,3
30149,3
30150,3
30151,3
30152,3
30153,3
30154,3
30155,3
30156,3
30159,3
30160,3
30161,3
30162,3
30163,3
30164,3
30165,3
30166,3
30169,3
30170,3
30171,3
30172,3
30173,3
30174,3
30175,3
30176,3
30221,1
30222,1
30223,1
30227,3
30228,3
30229,3
30230,3
30232,3
30233,3
30234,3
30235,3
30237,3
30238,3
30239,3
30240,3
30242,3
30243,3
30244,3
30245,3
30328,1
30342,1
30392,3
30393,3
30394,3
30395,3
30397,3
30398,3
30399,3
30400,3
30402,3
30403,3
30404,3
30405,3
30407,3
30408,3
30409,3
30410,3
30420,1
30422,1
30424,1
30426,1
30428,1
30430,1
30486,1
30488,1
30832,2
30833,2
30834,2
30835,2
30836,2
30837,2
30839,1
30842,1
30987,1
30993,1
30997,1
30999,1
31001,1
31003,2
31004,2
31005,2
31006,2
31007,2
31008,2
31009,1
31011,1
31013,1
31015,2
31016,2
31017,2
31018,2
31019,2
31020,2
31021,1
31023,1
31025,1
31027,2
31028,2
31029,2
31030,2
31031,2
31032,2
31033,1
31035,1
31037,1
31039,2
31040,2
31041,2
31042,2
31043,2
31044,2
31045,1
31047,1
31049,2
31050,2
31051,2
31052,2
31053,2
31054,2
31055,1
31057,2
31058,2
31059,2
31060,2
31061,2
31062,2
31063,1
31065,1
31067,1
31069,2
31070,2
31071,2
31072,2
31073,1
31075,1
31077,2
31078,2
31079,2
31080,2
31081,2
31082,2
31083,1
31085,1
31087,1
31089,2
31090,2
31091,2
31092,2
31093,2
31094,2
31105,1
31107,1
31109,1
31111,2
31112,2
31113,2
31114,2
31115,2
31116,2
31117,1
31119,1
31121,1
31123,2
31124,2
31125,2
31126,2
31127,2
31128,2
31129,1
31131,1
31133,1
31135,2
31136,2
31137,2
31138,2
31139,2
31140,2
31141,1
31143,1
31145,1
31147,2
31148,2
31149,2
31150,2
31151,2
31152,2
31153,1
31155,1
31157,1
31159,1
31161,1
31163,1
31165,2
31166,2
31167,2
31168,2
31169,2
31170,2
31171,2
31172,2
31173,2
31174,2
31175,2
31176,2
31177,1
31179,1
31181,1
31183,2
31184,2
31185,2
31186,2
31187,2
31188,2
31189,1
31191,1
31193,1
31195,2
31196,2
31197,2
31198,2
31199,2
31200,2
31201,1
31203,1
31205,1
31207,2
31208,2
31209,2
31210,2
31211,2
31212,2
31213,1
31215,1
31217,1
31220,2
31221,2
31222,2
31223,2
31224,2
31225,2
31226,1
31228,1
31230,1
31232,2
31233,2
31234,2
31235,2
31236,2
31237,2
31238,1
31240,1
31242,1
31244,2
31245,2
31246,2
31247,2
31248,2
31249,2
31250,1
31252,1
31254,1
31256,2
31257,2
31258,2
31259,2
31260,2
31261,2
31262,1
31264,1
31266,1
31268,2
31269,2
31270,2
31271,2
31272,2
31273,2
31274,1
31276,1
31278,1
31280,2
31281,2
31282,2
31283,2
31284,2
31285,2
31286,1
31288,1
31290,1
31292,2
31293,2
31294,2
31295,2
31296,2
31297,2
31298,1
31300,1
31302,1
31304,2
31305,2
31306,2
31307,2
31308,2
31309,2
31310,1
31312,1
31314,1
31316,2
31317,2
31318,2
31319,2
31320,2
31321,2
31322,1
31324,1
31326,1
31328,2
31329,2
31330,2
31331,2
31332,2
31333,2
31334,1
31336,1
31338,1
31340,2
31341,2
31342,2
31343,2
31344,2
31345,2
31346,1
31348,1
31350,1
31352,2
31353,2
31354,2
31355,2
31356,2
31357,2
31358,1
31360,1
31362,1
31364,2
31365,2
31366,2
31367,2
31368,2
31369,2
31370,1
31372,1
31374,1
31376,2
31377,2
31378,2
31379,2
31380,2
31381,2
31382,1
31384,1
31386,1
31388,2
31389,2
31390,2
31391,2
31392,2
31393,2
31394,1
31396,1
31398,1
31400,2
31401,2
31402,2
31403,2
31404,2
31405,2
31406,1
31408,1
31410,1
31412,2
31413,2
31414,2
31415,2
31416,2
31417,2
31418,1
31420,1
31422,1
31424,2
31425,2
31426,2
31427,2
31428,2
31429,2
31430,1
31432,1
31434,1
31436,2
31437,2
31438,2
31439,2
31440,2
31441,2
31442,1
31444,1
31446,1
31448,2
31449,2
31450,2
31451,2
31452,2
31453,2
31454,1
31456,1
31458,1
31460,2
31461,2
31462,2
31463,2
31464,2
31465,2
31466,1
31468,1
31470,1
31472,2
31473,2
31474,2
31475,2
31476,2
31477,2
31478,1
31480,1
31482,1
31484,2
31485,2
31486,2
31487,2
31488,2
31489,2
31490,1
31492,1
31494,1
31496,2
31497,2
31498,2
31499,2
31500,2
31501,2
31502,1
31504,1
31506,1
31508,2
31509,2
31510,2
31511,2
31512,2
31513,2
31514,1
31516,1
31518,1
31520,2
31521,2
31522,2
31523,2
31524,2
31525,2
31526,1
31528,1
31530,1
31532,2
31533,2
31534,2
31535,2
31536,2
31537,2
31538,1
31540,1
31542,1
31544,2
31545,2
31546,2
31547,2
31548,2
31549,2
31550,1
31552,1
31554,1
31556,2
31557,2
31558,2
31559,2
31560,2
31561,2
31562,1
31564,1
31566,1
31568,2
31569,2
31570,2
31571,2
31572,2
31573,2
31574,1
31576,1
31578,1
31580,2
31581,2
31582,2
31583,2
31584,2
31585,2
31586,1
31588,1
31590,1
31592,2
31593,2
31594,2
31595,2
31596,2
31597,2
31598,1
31600,1
31602,1
31604,2
31605,2
31606,2
31607,2
31608,1
31610,1
31612,1
31614,2
31615,2
31616,2
31617,2
31618,2
31619,2
31620,1
31622,1
31624,1
31626,2
31627,2
31628,2
31629,2
31630,2
31631,2
31632,1
31634,1
31636,1
31638,2
31639,2
31640,2
31641,2
31642,2
31643,2
31644,1
31646,1
31648,1
31650,2
31651,2
31652,2
31653,2
31654,2
31655,2
31656,1
31658,1
31660,1
31662,2
31663,2
31664,2
31665,2
31666,2
31667,2
31668,1
31670,1
31672,1
31674,2
31675,2
31676,2
31677,2
31678,2
31679,2
31680,1
31682,1
31684,1
31686,2
31687,2
31688,2
31689,2
31690,2
31691,2
31692,1
31694,1
31696,1
31698,2
31699,2
31700,2
31701,2
31702,2
31703,2
31704,1
31706,1
31708,1
31710,2
31711,2
31712,2
31713,2
31714,2
31715,2
31716,1
31718,1
31720,1
31722,2
31723,2
31724,2
31725,2
31726,2
31727,2
31728,1
31730,1
31732,1
31734,2
31735,2
31736,2
31737,2
31738,2
31739,2
31740,1
31742,1
31744,1
31746,2
31747,2
31748,2
31749,2
31750,2
31751,2
31752,1
31754,1
31756,1
31758,2
31759,2
31760,2
31761,2
31762,2
31763,2
31764,1
31766,1
31768,1
31770,2
31771,2
31772,2
31773,2
31774,2
31775,2
31776,1
31778,1
31780,1
31782,2
31783,2
31784,2
31785,2
31786,2
31787,2
31788,1
31790,1
31792,1
31794,2
31795,2
31796,2
31797,2
31798,2
31799,2
31800,1
31802,1
31804,1
31810,2
31811,2
31812,2
31813,2
31814,2
31815,2
31816,1
31818,1
31820,1
31822,2
31823,2
31824,2
31825,2
31826,2
31827,2
31864,1
31866,1
31868,1
31870,1
31872,1
31874,1
31876,1
31878,1
31880,1
31882,1
31884,1
31886,1
31888,1
31890,1
31892,1
31894,1
31896,1
31898,1
31900,1
31902,1
31904,1
31906,1
31908,1
31910,1
31916,1
31918,1
31922,1
31924,1
31926,1
31928,1
31930,1
31932,1
31936,1
31942,1
31944,1
31946,1
31948,1
31950,1
31952,1
31954,2
31955,2
31956,2
31957,2
31958,2
31959,2
31962,2
31963,2
31964,2
31965,2
31966,2
31967,2
31968,2
31969,2
31970,2
31971,2
31972,2
31973,2
31974,2
31975,2
31976,2
31977,2
31978,2
31979,2
32025,1
32027,1
32029,2
32030,2
32031,2
32032,2
32033,1
32035,1
32037,2
32038,2
32039,2
32040,2
32041,1
32043,1
32045,2
32046,2
32047,2
32048,2
32049,1
32051,1
32053,2
32054,2
32055,2
32056,2
32057,1
32059,1
32061,2
32062,2
32063,2
32064,2
32065,1
32067,1
32069,1
32071,1
32073,2
32074,2
32075,2
32076,2
32077,2
32078,2
32079,2
32080,2
32081,1
32083,1
32085,2
32086,2
32087,2
32088,2
32089,1
32091,1
32093,2
32094,2
32095,2
32096,2
32101,2
32102,2
32103,2
32104,2
32105,2
32107,2
32108,2
32109,2
32110,2
32111,2
32112,2
32113,2
32114,2
32115,2
32116,2
32117,2
32118,2
32119,2
32120,2
32121,2
32122,2
32123,2
32124,2
32125,2
32207,2
32209,2
32246,1
32254,1
32255,1
32260,1
32262,1
32305,1
32307,1
32309,1
32311,1
32325,1
32340,1
32342,1
32344,1
32357,1
32359,1
32361,1
32363,1
32413,1
32414,1
32416,1
32417,1
32436,1
32438,1
32440,1
32442,1
32444,1
32459,1
32461,1
32463,1
32465,1
32467,1
32469,1
32772,1
32774,1
32780,1
32782,1
32787,1
32788,2
32790,2
32799,1
32801,1
32803,1
32809,1
32811,1
32817,1
32819,1
32840,1
32842,1
32844,1
32846,1
32848,1
32872,1
32874,1
32876,1
32878,1
32880,1
32919,1
32921,1
32923,1
32925,1
32927,1
32929,1
32931,1
32933,1
32935,1
32937,1
32939,1
32941,1
32943,1
32945,1
32947,1
32949,1
32951,1
32953,1
32955,1
32957,1
32983,1
32985,1
32987,1
32989,1
32993,1
32994,1
32995,1
33076,1
33079,1
33081,1
33083,1
33099,1
33101,1
33103,1
33151,1
33153,1
33155,1
33157,1
33176,1
33178,1
33180,1
33190,1
33197,2
33198,2
33199,2
33200,2
33201,2
33202,2
33270,1
33272,2
33273,2
33277,1
33279,2
33280,2
33281,1
33283,2
33284,2
33285,1
33287,2
33288,2
33289,1
33291,2
33292,2
33293,1
33295,2
33296,2
33297,1
33298,2
33300,2
33301,2
33302,2
33303,1
33305,2
33306,2
33307,1
33309,2
33310,2
33311,1
33313,2
33314,2
33328,1
33329,1
33375,1
33393,1
33394,1
33395,1
33397,1
33400,1
33403,1
33404,1
33405,1
33406,1
33440,1
33441,1
33442,1
33446,1
33448,1
33450,2
33452,1
33453,1
33454,1
33455,1
33456,1
33457,1
33458,1
33459,1
33461,1
33462,1
33463,1
33464,1
33465,1
33466,1
33468,1
33470,1
33472,1
33474,1
33475,1
33476,1
33477,1
33486,1
33512,1
33513,1
33516,2
33520,1
33522,1
33525,2
33526,2
33527,2
33528,2
33529,2
33536,2
33543,2
33545,2
33546,2
33547,2
33548,2
33553,1
33555,2
33556,2
33557,2
33558,2
33559,2
33560,2
33561,2
33562,2
33563,2
33564,2
33565,2
33566,2
33569,1
33571,1
33572,1
33573,1
33581,1
33583,1
33585,1
33587,1
33589,1
33591,1
33595,1
33608,1
33610,1
33623,1
33625,1
33627,1
33629,1
33631,1
33633,1
33635,1
33637,1
33639,1
33641,1
33643,1
33645,1
33647,1
33649,1
33651,1
33653,1
33655,1
33657,1
33659,1
33661,1
33663,1
33665,1
33667,1
33669,1
33671,1
33673,2
33675,2
33677,1
33681,1
33683,2
33685,1
33687,1
33689,1
33691,1
33693,1
33695,1
33697,2
33698,2
33700,1
33702,1
33704,1
33706,1
33708,2
33709,2
33710,2
33711,2
33712,2
33713,2
33762,1
33807,1
33808,1
33816,1
33818,1
33820,1
33822,1
33824,2
33825,2
33826,1
33828,1
33830,1
33832,1
33834,1
33836,1
33838,1
33840,1
33842,1
33844,1
33846,1
33848,1
33850,1
33852,1
33869,1
33871,1
33873,1
33875,1
33877,1
33879,1
33881,1
33883,1
33890,1
33892,2
33893,2
33894,1
33896,2
33897,2
33898,1
33900,2
33901,2
33902,1
33904,2
33905,2
33915,1
33917,2
33918,2
33919,2
33920,2
33921,2
33922,2
33923,2
33924,2
33925,2
33926,2
33927,2
33928,2
33929,2
33930,2
33931,2
33932,2
33933,2
33934,2
33935,2
33936,2
33937,2
33938,2
33939,2
33940,2
33941,2
33942,2
33943,2
33944,2
33945,2
33946,2
33947,2
33948,2
33949,2
33950,2
33951,2
33952,2
33953,2
33954,2
33955,2
33956,2
33957,2
33958,2
33959,2
33960,2
33961,2
33962,2
33963,2
33964,2
33965,2
33966,2
33967,2
33968,2
33969,2
33970,2
33971,2
33972,2
33973,2
33974,2
33975,2
33976,2
33981,1
33983,1
33985,1
33990,1
34118,1
34120,1
34122,1
34124,1
34126,1
34151,1
34213,1
34215,1
34217,1
34219,2
34221,2
34223,2
34225,1
34227,1
34229,1
34231,2
34233,2
34235,2
34237,1
34239,1
34241,2
34243,2
34245,2
34247,1
34249,1
34251,1
34253,2
34255,2
34257,2
34260,1
34264,1
34266,1
34268,1
34271,1
34272,2
34273,2
34274,2
34275,2
34276,2
34277,2
34278,2
34279,2
34280,2
34281,2
34282,2
34283,2
34284,2
34285,2
34286,2
34287,2
34288,2
34289,2
34290,2
34291,2
34292,2
34293,2
34294,2
34295,2
34306,1
34308,1
34317,3
34318,3
34319,1
34321,1
34323,1
34328,1
34339,1
34341,1
34343,1
34345,1
34441,1
34443,1
34445,1
34457,1
34459,1
34461,1
34463,1
34465,1
34467,1
34469,1
34471,1
34473,1
34475,1
34477,2
34479,2
34481,1
34483,1
34485,1
34487,1
34489,1
34496,1
34562,3
34563,3
34564,1
34566,1
34570,1
34590,1
34593,1
34595,2
34596,2
34826,1
34828,3
34829,3
35656,1
35657,1
35658,1
35659,1
35660,1
35661,1
35662,1
35676,1
35677,1
35678,1
35683,3
35684,3
35686,1
35687,1
35688,1
35770,1
35771,2
35774,1
35779,1
35781,1
35788,1
35789,1
35790,2
35792,2
35794,1
35795,1
37135,2
37136,1
37288,1
37289,1
37290,1
37291,1
37292,1
37293,1
37294,1
37295,1
37296,1
37297,1
37298,1
37299,1
37300,1
37301,1
37302,1
37303,1
37304,1
37305,1
37306,1
37307,1
37450,1
37451,2
37452,1
37453,1
37454,1
37455,1
37456,1
37457,2
37458,2
37459,2
37460,2
37479,1
37480,2
37481,2
37482,2
37483,2
37543,1
37544,1
37545,1
37546,2
37604,1
37605,1
37606,1
37607,1
37608,1
37610,1
37611,1
37612,1
37613,1
37622,1
37623,1
37624,1
37625,1
37626,1
37627,1
37628,1
37629,1
37630,1
37631,1
37805,1
37820,1
37825,1
39580,2
39581,2
40301,2
40302,2
40307,1
40308,1
40309,1
40310,1
40334,1
40335,1
40339,2
